Size lable,Average Math Score,Average Reading Score,% Passing Math,% Passing Reading,% Overall Passing
Small (<1000),83.82159776422071,83.92984341754834,4965.617346999999,5682.478686500001,5682.478686500001
Medium (1000-2000),83.37468376981991,83.86443831725629,1735.4424992,1985.9796523999998,1985.9796523999998
Large (2000-5000,77.746416511437,81.34449272598371,867.0940513749999,992.27208275,992.27208275
