school_name,School Type,Total Students,Total School Budget,Per Student Budget,Average Math Score,Average Reading Score,% Passing Math,% Passing Reading,% Overall Passing
Holden High School,Charter,427,248087,581.0,83.80327868852459,83.81498829039812,6878.220141,7871.1943790000005,7871.1943790000005
Pena High School,Charter,962,585858,609.0,83.83991683991684,84.04469854469855,3053.014553,3493.762994,3493.762994
Griffin High School,Charter,1468,917500,625.0,83.35149863760218,83.816757493188,2000.6811989999999,2289.509537,2289.509537
Thomas High School,Charter,1635,1043130,638.0,83.4183486238532,83.84892966360856,1796.330275,2055.657492,2055.657492
Shelton High School,Charter,1761,1056600,600.0,83.3594548551959,83.72572402044293,1667.802385,1908.574673,1908.574673
