school_name,School Type,Total Students,Total School Budget,Per Student Budget,Average Math Score,Average Reading Score,% Passing Math,% Passing Reading,% Overall Passing
Bailey High School,District,4976,3124928,628.0,77.04843247588424,81.03396302250803,590.233119,675.442122,675.442122
Johnson High School,District,4761,3094650,650.0,77.07246376811594,80.96639361478681,616.887209,705.944129,705.944129
Hernandez High School,District,4635,3022020,652.0,77.28975188781014,80.9344120819849,633.656958,725.134844,725.134844
Rodriguez High School,District,3999,2547363,637.0,76.84271067766942,80.74468617154288,734.4336079999999,840.460115,840.460115
Figueroa High School,District,2949,1884411,639.0,76.71176670057646,81.15801966768396,995.930824,1139.7083759999998,1139.7083759999998
