School Type,Average Math Score,Average Reading Score,% Passing Math,% Passing Reading,% Overall Passing
Charter,83.47385187384614,83.89642074222549,2486.864045875,2845.8801695,2845.8801695
District,76.95673306832398,80.96663632734915,807.1838905714285,923.7129915714286,923.7129915714286
